﻿{
  "Version": "1.0",
  "Metadata": [
    {
      "ApplicationType": "API",
      "ExecutablePath": null,
      "Url": {
        "Value": "BCMIProjectDetailsAPI_Endpoint",
        "IsExpression": true
      },
      "Arguments": null,
      "Version": null
    },
    {
      "ApplicationType": "API",
      "ExecutablePath": null,
      "Url": {
        "Value": "PostAPI_completeURL",
        "IsExpression": true
      },
      "Arguments": null,
      "Version": null
    },
    {
      "ApplicationType": "API",
      "ExecutablePath": null,
      "Url": {
        "Value": "http://localhost:3000",
        "IsExpression": false
      },
      "Arguments": null,
      "Version": null
    }
  ]
}