{
  "version": "2.0",
  "resources": [
    {
      "resource": "queue",
      "value": {
        "name": {
          "defaultValue": "CommandProjectCreation_Queue",
          "isExpression": false,
          "displayName": "Queue Name"
        }
      },
      "metadata": {}
    },
    {
      "resource": "asset",
      "value": {
        "name": {
          "defaultValue": "CommandConcrete_credentials",
          "isExpression": false
        }
      },
      "metadata": {}
    }
  ]
}